Puppy Price,Barking Tendencies,Name,Health Issues,Hypoallergenic,Litter Size,Cat Friendly,Exercise Needs,Grooming,Shedding Level,Size,Child Friendly,Watchdog Ability,Dog Friendly,Stranger Friendly,Other Names,Intelligence,Trainability,Breed_definition,Adaptability,Lifespan,Apartment Friendly,Playfulness
Average $1000 - $2000 USD,1 stars,Labrador Retriever,4 stars,No,6-8 puppies,4 stars,5 stars,2 stars,3 stars,Medium,5 stars,3 stars,5 stars,5 stars,"Labrador,Lab",5 stars,5 stars,Purebred,5 stars,10-13 years,5 stars,5 stars
Average $600 - $1000 USD,5 stars,Yorkshire Terrier,4 stars,Yes,4-6 puppies,4 stars,1 stars,5 stars,1 stars,Small,1 stars,4 stars,2 stars,3 stars,Yorkie,5 stars,3 stars,Purebred,5 stars,12-16 years,5 stars,3 stars
Average $1000 - $1500 USD,4 stars,Poodle (Standard),3 stars,Yes,3 puppies,4 stars,4 stars,5 stars,1 stars,Medium,5 stars,3 stars,4 stars,4 stars,"Pudle, Caniche, Barbone",5 stars,5 stars,Purebred,5 stars,10-13 years,5 stars,4 stars
Average $800 - $2000 USD,3 stars,German Shepherd,4 stars,No,4-9 puppies,3 stars,3 stars,2 stars,5 stars,Medium,5 stars,5 stars,2 stars,1 stars,"Alsatian (UK), Alsatian wolf dog (UK), Berger Allemand, Deutscher Schäferhund, Schäferhund",5 stars,5 stars,Purebred,5 stars,10-12 years,3 stars,3 stars
Average $1000 - $2000 USD,1 stars,Golden Retriever,4 stars,No,6-10 puppies,4 stars,5 stars,3 stars,3 stars,Medium,5 stars,3 stars,5 stars,5 stars,"Yellow Retriever, Golden Flat Coat",5 stars,5 stars,Purebred,5 stars,10-13 years,4 stars,5 stars
Average $2000 - $4000 USD,1 stars,French Bulldog,3 stars,No,3-5 puppies,2 stars,2 stars,2 stars,1 stars,Small,2 stars,3 stars,2 stars,4 stars,"Frenchie, Bouledogue Français",3 stars,3 stars,Purebred,5 stars,9-11 years,5 stars,2 stars
Average $1200 - $2000 USD,1 stars,Bulldog,5 stars,No,4-5 puppies,5 stars,1 stars,2 stars,3 stars,Medium,5 stars,3 stars,5 stars,5 stars,"English Bulldog, British Bulldog",3 stars,3 stars,Purebred,5 stars,8-10 years,5 stars,1 stars
Average $1200 - $2000 USD,1 stars,Rottweiler,3 stars,No,8-12 puppies,3 stars,3 stars,1 stars,1 stars,Medium,2 stars,5 stars,1 stars,1 stars,"Rottie, Rott",5 stars,5 stars,Purebred,3 stars,8-11 years,3 stars,3 stars
Average $500 - $800 USD,5 stars,Beagle,3 stars,No,"2-14 puppies, average 7",3 stars,5 stars,1 stars,3 stars,Small,5 stars,2 stars,5 stars,4 stars,English Beagle,3 stars,2 stars,Purebred,5 stars,12-15 years,2 stars,5 stars
Average $600 - $800 USD,2 stars,Australian Shepherd,3 stars,No,"6-9 puppies, average 7",3 stars,5 stars,3 stars,3 stars,Medium,5 stars,5 stars,3 stars,2 stars,"Aussie, Little Blue Dog",4 stars,5 stars,Purebred,5 stars,12-15 years,3 stars,5 stars
Average $800 - $1200 USD,2 stars,Great Dane,4 stars,No,10-15 puppies,3 stars,2 stars,1 stars,3 stars,Giant,4 stars,5 stars,3 stars,3 stars,"Dane, Gentle Giant, Deutsche Dogge, German Mastiff",4 stars,3 stars,Purebred,3 stars,6-8 years,5 stars,2 stars
Average $600 - $1000 USD,3 stars,Miniature Schnauzer,3 stars,Yes,3-5 puppies,3 stars,3 stars,4 stars,1 stars,Small,4 stars,5 stars,3 stars,3 stars,Zwergschnauzer,5 stars,5 stars,Purebred,5 stars,12-14 years,3 stars,3 stars
Average $800 - $1000 USD,2 stars,Doberman Pinscher,4 stars,No,6-10 puppies,3 stars,3 stars,2 stars,3 stars,Medium,3 stars,5 stars,2 stars,1 stars,"Dobie, Dobermann, Dobynm, Doberman",5 stars,5 stars,Purebred,5 stars,10-12 years,5 stars,3 stars
Average $500 - $700 USD,4 stars,Dachshund,3 stars,No,4-6 puppies,3 stars,3 stars,2 stars,3 stars,Small,2 stars,3 stars,2 stars,2 stars,"Teckel, Tekkel, Tekkel Doxie, Weenie Dog, Sausage Dog, Bassotto, Worshond",4 stars,2 stars,Purebred,5 stars,12-14 years,4 stars,3 stars
Average $700 - $1200 USD,2 stars,Siberian Husky,3 stars,No,6-8 puppies,1 stars,4 stars,3 stars,4 stars,Medium,4 stars,1 stars,5 stars,3 stars,"Chukcha, Chuksha, Husky, Icee, Sibe",4 stars,3 stars,Purebred,5 stars,12-14 years,2 stars,4 stars
Average $600 - $800 USD,2 stars,German Shorthaired Pointer,4 stars,No,7-12 puppies,1 stars,5 stars,1 stars,1 stars,Medium,4 stars,3 stars,4 stars,3 stars,"GSP, DK, Kurzhaar, Deutscher Kurzhaariger Vorstehhund, Deutsch Kurzhaar",5 stars,5 stars,Purebred,4 stars,12-14 years,1 stars,5 stars
Average $600 - $1000 USD,5 stars,Pembroke Welsh Corgi,3 stars,No,6-7 puppies,5 stars,4 stars,2 stars,5 stars,Small,5 stars,3 stars,3 stars,3 stars,"Pembroke, PWC, Pem, Corgi",5 stars,5 stars,Purebred,5 stars,12-14 years,5 stars,4 stars
Average $1200 - $1500 USD,3 stars,Cavalier King Charles Spaniel,4 stars,No,3-5 puppies,3 stars,3 stars,3 stars,3 stars,Small,5 stars,2 stars,5 stars,5 stars,"Cav, Cavalier, Cavie",4 stars,5 stars,Purebred,5 stars,10-14 years,5 stars,3 stars
Average $800 - $1200 USD,3 stars,Shih Tzu,3 stars,Yes,2-5 puppies,5 stars,2 stars,5 stars,1 stars,Small,2 stars,3 stars,5 stars,3 stars,"Chinese Lion Dog, Chrysanthemum Dog",3 stars,3 stars,Purebred,5 stars,11-14 years,5 stars,2 stars
Average $600 - $1200 USD,2 stars,Boxer,3 stars,No,6-8 puppies,3 stars,4 stars,1 stars,1 stars,Medium,4 stars,5 stars,2 stars,3 stars,"German Boxer, Deutscher Boxer",4 stars,3 stars,Purebred,4 stars,10-12 years,4 stars,4 stars
Average $900 - $1200 USD,2 stars,Havanese,3 stars,Yes,"1 - 9 puppies, average 4",5 stars,1 stars,3 stars,3 stars,Small,5 stars,3 stars,5 stars,4 stars,"Bichon Habanero, Havanese Cuban Bichon, Bichon Havanais, Bichon Havanês, Havaneser, Havanezer",2 stars,2 stars,Purebred,5 stars,14-15 years,5 stars,4 stars
Average $600 - $800 USD,2 stars,Boston Terrier,3 stars,No,3-5 puppies,5 stars,3 stars,1 stars,3 stars,Small,5 stars,3 stars,5 stars,4 stars,"Boston Bull, Boston Bull Terrier, Boxwood, American Gentlemen",4 stars,3 stars,Purebred,5 stars,11-15 years,5 stars,3 stars
Average $800 - $1000 USD,1 stars,Shetland Sheepdog,3 stars,No,4-6 puppies,5 stars,3 stars,5 stars,3 stars,medium,4 stars,4 stars,4 stars,2 stars,"Miniature Collie, Shetland Collie (obsolete), Dwarf Scotch Shepherd (obsolete), Toonie Dog (obsolete), Sheltie",5 stars,3 stars,Purebred,5 stars,12-14 years,2 stars,3 stars
Average $600 - $800 USD,4 stars,Pomeranian,3 stars,No,2-5 puppies,5 stars,2 stars,3 stars,3 stars,Small,4 stars,3 stars,3 stars,3 stars,"Pom, Pom Pom, Deutsche Spitze, Zwergspitz, Spitz Nain, Spitz Enano, Zwers",5 stars,4 stars,Purebred,5 stars,12-15 years,5 stars,4 stars
Average $600 - $800 USD,5 stars,Maltese,3 stars,Yes,3-5 puppies,5 stars,1 stars,3 stars,1 stars,Small,4 stars,3 stars,5 stars,5 stars,"Maltese Dog, Maltese lion dog",4 stars,2 stars,Purebred,5 stars,15-18 years,5 stars,3 stars
Average $600 - $800 USD,4 stars,American Cocker Spaniel,4 stars,No,4-7 puppies,4 stars,4 stars,5 stars,3 stars,Medium,5 stars,3 stars,4 stars,5 stars,"Cocker Spaniel, Cocker, Merry Cocker",5 stars,5 stars,Purebred,5 stars,12-15 years,5 stars,4 stars
Average $800 - $1000 USD,3 stars,Bernese Mountain Dog,5 stars,No,"1-14 puppies, average 8",3 stars,3 stars,3 stars,4 stars,Large,4 stars,5 stars,3 stars,3 stars,"Berner Sennenhund, Bernese Cattle Dog, Berner",5 stars,5 stars,Purebred,3 stars,7-9 years,3 stars,3 stars
Average $600 - $800 USD,5 stars,Chihuahua,4 stars,No,2-4 puppies,5 stars,1 stars,1 stars,1 stars,Small,1 stars,3 stars,3 stars,3 stars,None,3 stars,2 stars,Purebred,5 stars,14-18 years,5 stars,3 stars
Average $700 - $800 USD,3 stars,English Springer Spaniel,4 stars,No,4-10 puppies,3 stars,5 stars,4 stars,2 stars,Medium,3 stars,3 stars,5 stars,5 stars,Springer Spaniel,5 stars,5 stars,Purebred,5 stars,10-14 years,5 stars,5 stars
Average $1200 - $1500 USD,2 stars,English Mastiff,4 stars,No,3-5 puppies,5 stars,2 stars,2 stars,1 stars,Giant,5 stars,5 stars,3 stars,3 stars,"English Mastiff, Old English Mastiff",3 stars,3 stars,Purebred,5 stars,10-12 years,3 stars,2 stars
Average $700 - $800 USD,3 stars,French Brittany,3 stars,No,5-8 puppies,3 stars,5 stars,2 stars,2 stars,Medium,5 stars,3 stars,5 stars,5 stars,"Epagneul Breton, Brittany Spaniel, American Brittany, Brittany Wiegref",1 stars,5 stars,Purebred,5 stars,12-13 years,3 stars,5 stars
Average $400 - $600 USD,3 stars,Collie,4 stars,No,4-8 puppies,5 stars,5 stars,5 stars,5 stars,Large,5 stars,5 stars,5 stars,3 stars,"Rough Collie, Scottish Collie, Long-Haired Collie, English Collie, Lassie Dog",5 stars,5 stars,Purebred,4 stars,14-16 years,1 stars,3 stars
Average $900 - $1200 USD,2 stars,Rhodesian Ridgeback,3 stars,No,6-8 puppies,2 stars,4 stars,1 stars,1 stars,Large,5 stars,3 stars,2 stars,2 stars,"African Lion Dog, African Lion Hound",4 stars,4 stars,Purebred,4 stars,10-12 years,3 stars,4 stars
Average $300 - $500 USD,3 stars,Basset Hound,3 stars,No,6-8 puppies,5 stars,3 stars,2 stars,3 stars,Medium,5 stars,1 stars,5 stars,5 stars,"Basset, Hush Puppy",3 stars,3 stars,Purebred,5 stars,12-15 years,1 stars,3 stars
Average $600 - $800 USD,4 stars,Border Collie,3 stars,No,4-8 puppies,3 stars,5 stars,3 stars,3 stars,Medium,5 stars,5 stars,3 stars,3 stars,"Scotch Sheep Dog, Sheepdog",5 stars,5 stars,Purebred,5 stars,12-15 years,2 stars,5 stars
Average $1500 - $2000 USD,2 stars,Newfoundland,5 stars,No,4-12 puppies,5 stars,3 stars,3 stars,5 stars,Large,5 stars,5 stars,4 stars,4 stars,"Newf, Newfie, The Gentle Giant, Blackbear",4 stars,4 stars,Purebred,4 stars,9-12 years,3 stars,3 stars
Average $1500 - $2000 USD,1 stars,Cane Corso,4 stars,No,4-6 puppies,1 stars,3 stars,1 stars,3 stars,Large,3 stars,5 stars,3 stars,1 stars,"Cane Corz, Italian Mastiff, Cane Di Macellaio",2 stars,4 stars,Purebred,2 stars,10-11 years,2 stars,3 stars
Average $600 - $800 USD,4 stars,Weimaraner,1 stars,No,6-8 puppies,4 stars,5 stars,1 stars,3 stars,Medium,2 stars,3 stars,4 stars,4 stars,"Weimaraner Vorstehhund, Weim, Grey Ghost",5 stars,5 stars,Purebred,5 stars,10-12 years,1 stars,4 stars
Average $300 - $500 USD,4 stars,Pug,5 stars,No,2-4 puppies,5 stars,1 stars,1 stars,4 stars,Small,4 stars,2 stars,5 stars,5 stars,"Chinese Pug, Dutch Bulldog, Dutch Mastiff, Mini Mastiff, Mops, Carlin",4 stars,1 stars,Purebred,5 stars,12-15 years,5 stars,3 stars
Average $800 - $1200 USD,2 stars,Vizsla,3 stars,No,6-8 puppies,3 stars,5 stars,1 stars,2 stars,Medium,4 stars,3 stars,3 stars,3 stars,"Hungarian Vizsla, Magyar Vizsla, Hungarian Pointer, Drotszoru Magyar Vizsla",5 stars,5 stars,Purebred,5 stars,10-14 years,5 stars,5 stars
Average $800 - $1000 USD,2 stars,Shiba Inu,3 stars,No,2-4 puppies,2 stars,3 stars,2 stars,4 stars,Medium,3 stars,4 stars,3 stars,2 stars,"Brushwood Dog, Japanese Small-Size Dog, Japanese Shiba Inu, Shiba Ken, Shiba",2 stars,4 stars,Purebred,4 stars,12-15 years,5 stars,3 stars
Average $700 - $1000 USD,3 stars,Bichon Frise,3 stars,Yes,2-5 puppies,5 stars,2 stars,5 stars,1 stars,Small,4 stars,3 stars,5 stars,5 stars,"Tenerife Dog, Bichon Tenerife, Bichon A Poil Frise, Bichon Tenerife, Purebred Bichon",4 stars,3 stars,Purebred,5 stars,12-15 years,5 stars,4 stars
Average $1200 - $1500 USD,1 stars,Bullmastiff,5 stars,No,"4-13 puppies, average 8",1 stars,2 stars,2 stars,1 stars,Large,4 stars,5 stars,1 stars,3 stars,"Bully, Bullie",3 stars,3 stars,Purebred,3 stars,8-10 years,3 stars,2 stars
Average $700 - $900 USD,3 stars,Chesapeake Bay Retriever,3 stars,No,7-9 puppies,3 stars,5 stars,2 stars,3 stars,Large,4 stars,3 stars,2 stars,2 stars,"Chessie, CBR, Chesapeake",5 stars,4 stars,Purebred,3 stars,10-13 years,1 stars,4 stars
Average $900 - $1200 USD,5 stars,West Highland White Terrier,5 stars,Yes,2-5 puppies,3 stars,4 stars,4 stars,1 stars,Small,4 stars,3 stars,4 stars,4 stars,"Poltalloch Terrier, Roseneath Terrier, White Roseneath Terrier, Westie (or Westy)",4 stars,4 stars,Purebred,4 stars,12-16 years,3 stars,5 stars
Average $2500 - $2800 USD,2 stars,Portuguese Water Dog,3 stars,Yes,4-8 puppies,4 stars,4 stars,5 stars,1 stars,Medium,4 stars,4 stars,4 stars,3 stars,"Portie, PWD, Water Dog, Cao De Agua",2 stars,3 stars,Purebred,5 stars,10-14 years,4 stars,4 stars
Average $600 - $800 USD,5 stars,Belgian Malinois,3 stars,No,6-10 puppies,2 stars,5 stars,1 stars,3 stars,Medium,4 stars,5 stars,2 stars,2 stars,"Malinois, Chien De Berger Belge, Mechelaar, Mechelse Herder, Mechelse Scheper, Pastor Belga Malinois",2 stars,5 stars,Purebred,5 stars,12-14 years,2 stars,5 stars
Average $1500 - $1800 USD,1 stars,St. Bernard,5 stars,No,6-8 puppies,5 stars,2 stars,3 stars,3 stars,Giant,4 stars,3 stars,5 stars,3 stars,"St. Hubert Hound, Chien St. Hubert, Sleuth Hound",3 stars,2 stars,Purebred,4 stars,8-10 years,3 stars,2 stars
Average $800 - $1200 USD,5 stars,Bloodhound,5 stars,No,8-10 puppies,5 stars,5 stars,2 stars,3 stars,Large,5 stars,3 stars,5 stars,3 stars,"St. Hubert Hound, Chien St. Hubert, Sleuth Hound",3 stars,2 stars,Purebred,3 stars,8-10 years,1 stars,4 stars
Average $400 - $600 USD,5 stars,Papillon,3 stars,No,2-4 puppies,5 stars,5 stars,3 stars,1 stars,Small,4 stars,3 stars,2 stars,5 stars,"Butterfly Dog, Squirrel Dog, Phalène, Epagneul Nain, Phalène (Drop Ear Type), Continental Toy Spaniel, Epagneul Nain Continental",5 stars,4 stars,Purebred,5 stars,13-16 years,3 stars,5 stars
Average $800 - $1000 USD,3 stars,Soft Coated Wheaten Terrier,3 stars,Yes,5-8 puppies,1 stars,4 stars,5 stars,2 stars,Medium,4 stars,4 stars,4 stars,4 stars,"Wheaten, Wheatie, Irish Soft-Coated Wheaten Terrier",4 stars,4 stars,Purebred,5 stars,12-15 years,4 stars,5 stars
Average $800 - $1200 USD,1 stars,Whippet,3 stars,No,4-8 puppies,1 stars,3 stars,1 stars,3 stars,Medium,4 stars,3 stars,3 stars,3 stars,"English Whippet, Snap Dog",4 stars,3 stars,Purebred,5 stars,12-15 years,5 stars,3 stars
Average $500 - $700 USD,2 stars,Australian Cattle Dog,3 stars,No,"1-7 puppies, average 5",3 stars,5 stars,1 stars,3 stars,Medium,5 stars,5 stars,3 stars,2 stars,"Queensland Heeler, Blue Heeler, Hall's Heeler, ACD, Cattle Dog, Red Heeler",5 stars,5 stars,Purebred,3 stars,12-15 years,1 stars,5 stars
Average $800 - $1200 USD,1 stars,Akita,3 stars,No,3-12 puppies,3 stars,4 stars,2 stars,5 stars,Large,4 stars,4 stars,3 stars,2 stars,"Great Japanese Dog, Japanese Akita, American Akita",4 stars,4 stars,Purebred,5 stars,10-12 years,5 stars,3 stars
Average $1200 - $1500 USD,2 stars,Bull Terrier,5 stars,No,"1-9 puppies, average 5",2 stars,4 stars,1 stars,3 stars,Medium,4 stars,5 stars,2 stars,4 stars,"English Bull Terrier, Bully, Gladiator",3 stars,2 stars,Purebred,4 stars,10-12 years,3 stars,5 stars
Average $900 - $1200 USD,3 stars,English Cocker Spaniel,3 stars,No,6-8 puppies,4 stars,4 stars,3 stars,3 stars,Medium,5 stars,4 stars,5 stars,3 stars,"Cocker, Merry Cocker Woker",5 stars,5 stars,Purebred,5 stars,12-14 years,5 stars,4 stars
Average $1000 - $1200 USD,1 stars,Shar-Pei,5 stars,No,4-6 puppies,3 stars,2 stars,2 stars,1 stars,Medium,1 stars,3 stars,2 stars,1 stars,Chinese Fighting Dog,4 stars,3 stars,Purebred,3 stars,8-10 years,4 stars,3 stars
Average $800 - $1000 USD,1 stars,Scottish Terrier,4 stars,Yes,2-5 puppies,3 stars,3 stars,3 stars,1 stars,Small,4 stars,3 stars,2 stars,3 stars,"Scottie, Aberdeenie",4 stars,2 stars,Purebred,3 stars,11-13 years,5 stars,3 stars
Average $1200 - $1500 USD,1 stars,Alaskan Malamute,3 stars,No,4-10 puppies,1 stars,4 stars,3 stars,5 stars,Large,4 stars,5 stars,1 stars,4 stars,"Mal, Mally",4 stars,4 stars,Purebred,3 stars,10-12 years,1 stars,4 stars
Average $400 - $600 USD,5 stars,Miniature Pinscher,2 stars,No,2-5 puppies,3 stars,2 stars,1 stars,3 stars,Small,4 stars,3 stars,2 stars,2 stars,"Min Pin, King Of The Toys, Reh Pinscher, Zwergpinsc",4 stars,4 stars,Purebred,5 stars,12-15 years,4 stars,5 stars
Average $1000 - $1300 USD,2 stars,Dogue de Bordeaux,5 stars,No,4-6 puppies,4 stars,2 stars,2 stars,3 stars,Large,4 stars,5 stars,4 stars,4 stars,"French Mastiff, Bordeaux Mastiff, Bordeauxdog",2 stars,4 stars,Purebred,3 stars,10-12 years,1 stars,2 stars
Average $600 - $800 USD,3 stars,Wirehaired Pointing Griffon,2 stars,Yes,6-9 puppies,3 stars,4 stars,3 stars,1 stars,Medium,4 stars,5 stars,4 stars,3 stars,"Korthals Griffon, Griffon D'arrêt à Poil Dur, Korthals",4 stars,4 stars,Purebred,3 stars,12-14 years,2 stars,4 stars
Average $1200 - $1500 USD,3 stars,Samoyed,3 stars,Yes,4-6 puppies,3 stars,4 stars,3 stars,4 stars,Medium,5 stars,4 stars,4 stars,3 stars,"Samoyedskaya, Bjelkier, Samoiedskaya Sobaka, Nenetskaya Laika, Smiley, Sammy",4 stars,3 stars,Purebred,4 stars,12-14 years,3 stars,4 stars
Average $600 - $800 USD,2 stars,Airedale Terrier,2 stars,Yes,7-9 puppies,1 stars,4 stars,5 stars,2 stars,Medium,4 stars,4 stars,1 stars,2 stars,"Waterside Terrier, Bingley Terrier, Irish Red Terrier",5 stars,3 stars,Purebred,5 stars,10-13 years,3 stars,5 stars
Average $700 - $900 USD,2 stars,Dalmatian,4 stars,No,6-9 puppies,3 stars,5 stars,1 stars,5 stars,Large,5 stars,3 stars,5 stars,3 stars,"Dal, Dally, Carriage Dog, Spotted Coach Dog, Firehouse Dog, Plum Pudding Dog",4 stars,4 stars,Purebred,5 stars,12-14 years,1 stars,5 stars
Average $500 - $700 USD,5 stars,Lhasa Apso,2 stars,No,4-6 puppies,5 stars,2 stars,5 stars,4 stars,Small,5 stars,3 stars,5 stars,3 stars,"Lhasa, Lion Dog",3 stars,2 stars,Purebred,5 stars,12-15 years,5 stars,4 stars
Average $1200 - $1500 USD,5 stars,Old English Sheepdog,3 stars,No,5-8 puppies,3 stars,3 stars,5 stars,5 stars,Large,5 stars,4 stars,3 stars,2 stars,OES,3 stars,2 stars,Purebred,3 stars,10-12 years,1 stars,3 stars
Average $600 - $800 USD,3 stars,Chow Chow,3 stars,No,3-6 puppies,2 stars,2 stars,5 stars,4 stars,Medium,2 stars,3 stars,1 stars,1 stars,Chow,3 stars,2 stars,Purebred,2 stars,12-14 years,3 stars,2 stars
Average $2000 - $2500 USD,2 stars,Greater Swiss Mountain Dog,3 stars,No,5-10 puppies,3 stars,3 stars,1 stars,1 stars,Large,4 stars,4 stars,4 stars,3 stars,"Great Swiss Mountain Dog, Swissy",2 stars,2 stars,Purebred,3 stars,10-12 years,2 stars,4 stars
Average $800 - $1000 USD,1 stars,Irish Setter,3 stars,No,7-10 puppies,5 stars,5 stars,4 stars,3 stars,Large,5 stars,3 stars,5 stars,5 stars,"Red Setter, Irish Red Setter",4 stars,4 stars,Purebred,5 stars,12-14 years,1 stars,5 stars
Average $800 - $1000 USD,3 stars,Italian Greyhound,3 stars,Yes,2-4 puppies,3 stars,3 stars,1 stars,1 stars,Small,1 stars,3 stars,3 stars,3 stars,"French: Petit Levrier Italiane, Italian: Piccolo Levriero Italiano, German: Italienisches Windspiel, Spanish: Galgo Italiano",3 stars,2 stars,Purebred,5 stars,12-15 years,3 stars,2 stars
Average $700 - $1000 USD,5 stars,Cairn Terrier,2 stars,Yes,2-10 puppies,3 stars,4 stars,3 stars,3 stars,Small,4 stars,3 stars,3 stars,3 stars,"Cairn, Toto Dog",4 stars,4 stars,Purebred,3 stars,12-15 years,3 stars,4 stars
Average $1800 - $2000 USD,2 stars,Irish Wolfhound,5 stars,No,3-4 puppies,3 stars,3 stars,3 stars,3 stars,Giant,4 stars,3 stars,5 stars,3 stars,Cú Faoil,4 stars,4 stars,Purebred,4 stars,6-10 years,2 stars,3 stars
Average $1000 - $1200 USD,4 stars,Cardigan Welsh Corgi,2 stars,No,4-6 puppies,5 stars,4 stars,3 stars,4 stars,Medium,5 stars,3 stars,3 stars,3 stars,"Cardigan, CWC, Cardi",5 stars,5 stars,Purebred,5 stars,12-14 years,5 stars,4 stars
Average $800 - $1000 USD,2 stars,American Staffordshire Terrier,3 stars,No,5-10 puppies,1 stars,3 stars,1 stars,1 stars,Medium,4 stars,3 stars,1 stars,3 stars,"Amstaff, Stafford, Staffy",4 stars,4 stars,Purebred,3 stars,12-14 years,2 stars,4 stars
Average $1500 - $2000 USD,1 stars,Staffordshire Bull Terrier,3 stars,No,5-7 puppies,2 stars,4 stars,1 stars,1 stars,Medium,4 stars,3 stars,1 stars,4 stars,"Staffy, Staff, SBT, Stafford, Staffy Bull",4 stars,4 stars,Purebred,3 stars,12-14 years,3 stars,3 stars
Average $600 - $800 USD,4 stars,Pekingese,4 stars,No,2-4 puppies,5 stars,1 stars,5 stars,3 stars,Small,1 stars,3 stars,3 stars,3 stars,"Peking Lion Dog, Lion Dog, Chinese Spaniel, Pelchie Dog, Peking Palasthund, Peke",3 stars,2 stars,Purebred,5 stars,13-15 years,5 stars,2 stars
Average $800 - $1000 USD,2 stars,Chinese Crested,3 stars,Yes,2-5 puppies,4 stars,2 stars,3 stars,1 stars,Small,4 stars,2 stars,3 stars,4 stars,"Crested, Puff",3 stars,2 stars,Purebred,3 stars,12-14 years,5 stars,3 stars
Average $700 - $900 USD,3 stars,German Wirehaired Pointer,2 stars,No,6-10 puppies,1 stars,5 stars,3 stars,3 stars,Medium,3 stars,5 stars,5 stars,4 stars,"Deutscher Drahthaariger, Vorstehund, German Pointer (Wirehaired), Drahthaar",4 stars,4 stars,Purebred,5 stars,12-14 years,1 stars,4 stars
Average $700 - $900 USD,5 stars,Great Pyrenees,5 stars,No,6-9 puppies,4 stars,2 stars,3 stars,4 stars,Giant,4 stars,5 stars,3 stars,2 stars,"Great Pyrenees, Patou, Chien Des Pyrénées, Chien De Montagne Des Pyrénées, Montañés Del Pirineo, Gos De Muntanya Dels Pirineus",3 stars,2 stars,Purebred,4 stars,10-12 years,2 stars,2 stars
Average $1000 - $1500 USD,2 stars,Giant Schnauzer,4 stars,Yes,5-8 puppies,2 stars,5 stars,3 stars,1 stars,Large,2 stars,5 stars,1 stars,2 stars,"Russian Bear Schnauzer, Munich Schnauzer, Munchener, Riesenschnauzer",5 stars,4 stars,Purebred,3 stars,10-12 years,1 stars,5 stars
Average $1500 - $2000 USD,3 stars,Bouvier des Flandres,3 stars,Yes,5-10 puppies,3 stars,3 stars,5 stars,3 stars,Large,5 stars,4 stars,3 stars,2 stars,"Belgian Cattle Dog, Flanders Cattle Dog, Vlaamse Koehond",5 stars,4 stars,Purebred,5 stars,10-12 years,1 stars,3 stars
Average $1200 - $1400 USD,4 stars,Border Terrier,2 stars,Yes,2-8 puppies,2 stars,3 stars,3 stars,1 stars,Small,5 stars,3 stars,2 stars,2 stars,"Russian Bear Schnauzer, Munich Schnauzer, Munchener, Riesenschnauzer",5 stars,4 stars,Purebred,5 stars,12-15 years,5 stars,3 stars
Average $1000 - $1200 USD,3 stars,Coton De Tulear,3 stars,Yes,4-6 puppies,5 stars,3 stars,5 stars,1 stars,Small,4 stars,3 stars,4 stars,4 stars,"Coton, Cotie",3 stars,5 stars,Purebred,5 stars,14-16 years,5 stars,4 stars
Average $800 - $1000 USD,5 stars,Keeshond,3 stars,No,3-8 puppies,4 stars,2 stars,4 stars,3 stars,Medium,4 stars,4 stars,4 stars,5 stars,"Dutch Barge Dog, Smiling Dutchman, Chien Loup, German Spitz, Deutscher Wolfsspitz, Wolfsspitz, Kees",5 stars,5 stars,Purebred,5 stars,12-14 years,3 stars,4 stars
Average $1500 - $2000 USD,1 stars,Leonberger,5 stars,No,6-8 puppies,3 stars,4 stars,5 stars,5 stars,Giant,5 stars,5 stars,4 stars,3 stars,"Leo, Gentle Lion, Gentle Giant",2 stars,4 stars,Purebred,3 stars,8-10 years,1 stars,4 stars
Average $1200 - $1500 USD,3 stars,Standard Schnauzer,1 stars,Yes,4-8 puppies,4 stars,4 stars,5 stars,1 stars,Medium,4 stars,4 stars,4 stars,3 stars,"Mittelschnauzer, Schnauzer, Wirehair Pinscher",5 stars,5 stars,Purebred,3 stars,12-15 years,3 stars,5 stars
Average $700 - $900 USD,4 stars,Anatolian Shepherd Dog,4 stars,No,5-10 puppies,2 stars,3 stars,2 stars,5 stars,Large,4 stars,5 stars,1 stars,1 stars,"Coban Kopegi, Karabash Dog, Kara Bas, Kangal Dog, Kham Kepiji Dogs, Scandinavian Nygaard Dogs",2 stars,4 stars,Purebred,2 stars,12-14 years,1 stars,3 stars
Average $1000 - $1200 USD,1 stars,Borzoi,3 stars,No,1-11 puppies,1 stars,3 stars,4 stars,5 stars,Large,2 stars,1 stars,1 stars,2 stars,"Russian Wolfhound, Barzoï, Russkaya Psovaya Borzaya, Psovoi",3 stars,2 stars,Purebred,3 stars,10-12 years,3 stars,3 stars
Average $500 - $700 USD,5 stars,Norwegian Elkhound,3 stars,No,5-10 puppies,3 stars,4 stars,3 stars,4 stars,Medium,4 stars,5 stars,3 stars,3 stars,"Elkhound, Norsk Elghund, Grå Norsk Elghund, Gray Norwegian Elkhound, Small Grey Elk Dog, Norwegian Moose Dog, Harmaa Norjanhirvikoira",4 stars,3 stars,Purebred,5 stars,10-12 years,3 stars,3 stars
Average $1000 - $1200 USD,1 stars,Basenji,3 stars,Yes,4-5 puppies,2 stars,4 stars,1 stars,1 stars,Medium,4 stars,3 stars,2 stars,2 stars,"Congo Dog, Congo Terrier, African Bush Dog, African Barkless Dog, Ango Angari, Zande Dog",3 stars,2 stars,Purebred,2 stars,10-12 years,2 stars,3 stars
Average $1800 - $2000 USD,3 stars,Nova Scotia Duck Tolling Retriever,4 stars,No,6-10 puppies,3 stars,4 stars,2 stars,3 stars,Medium,5 stars,3 stars,5 stars,2 stars,"Toller, Scotty, Novie, Little River Duck Dog",2 stars,2 stars,Purebred,5 stars,12-14 years,5 stars,5 stars
Average $1000 - $1200 USD,3 stars,Flat-Coated Retriever,5 stars,No,4-8 puppies,3 stars,5 stars,1 stars,3 stars,Medium,4 stars,5 stars,4 stars,4 stars,"Flatcoat, Flattie, Flatte",5 stars,5 stars,Purebred,5 stars,10-13 years,1 stars,5 stars
Average $300 - $500 USD,1 stars,Japanese Chin,3 stars,No,1-3 puppies,5 stars,1 stars,3 stars,3 stars,Small,2 stars,3 stars,3 stars,5 stars,"Chin, Japanese Spaniel",3 stars,2 stars,Purebred,5 stars,12-14 years,5 stars,3 stars
Average $1200 - $1500 USD,5 stars,Belgian Tervuren,3 stars,No,6-10 puppies,2 stars,4 stars,3 stars,5 stars,Medium,4 stars,5 stars,3 stars,2 stars,"Tervuren, Chien De Berger Belge",5 stars,5 stars,Purebred,5 stars,10-12 years,3 stars,5 stars
Average $1200 - $2000 USD,2 stars,Tibetan Terrier,3 stars,Yes,4-6 puppies,3 stars,4 stars,5 stars,1 stars,Medium,3 stars,3 stars,3 stars,3 stars,"Tsang Apso, Dokhi Apso",3 stars,2 stars,Purebred,5 stars,12-15 years,5 stars,4 stars
Average $2000 - $2500 USD,1 stars,Afghan Hound,3 stars,Yes,6-8 puppies,2 stars,4 stars,5 stars,3 stars,large,4 stars,2 stars,3 stars,2 stars,"Baluchi Hound, Tazi, Tazhi Spay, Da Kochyano Spay, Sage Balochi, Ogar Afgan, Eastern Greyhound/Persian Greyhound",3 stars,2 stars,Purebred,5 stars,12-14 years,5 stars,5 stars
Average $800 - $1000 USD,3 stars,Brussels Griffon,3 stars,Yes,1-3 puppies,5 stars,2 stars,5 stars,1 stars,Small,1 stars,3 stars,3 stars,3 stars,"Griffon Belge, Griffon Bruxellois, Belgian Griffon, Petit Brabançon, Griffon, Griff, Bruss",2 stars,1 stars,Purebred,4 stars,12-15 years,5 stars,3 stars
Average $400 - $600 USD,4 stars,English Setter,3 stars,No,4-6 puppies,4 stars,5 stars,3 stars,3 stars,Large,5 stars,3 stars,5 stars,5 stars,"Lawerack, Laverack, Llewellin (or Llewellyn) Setter",4 stars,4 stars,Purebred,3 stars,10-12 years,1 stars,4 stars
Average $800 - $1000 USD,5 stars,Wire Fox Terrier,3 stars,Yes,4-6 puppies,1 stars,5 stars,5 stars,1 stars,medium,5 stars,3 stars,2 stars,3 stars,"Foxie, Wire Hair Fox Terrier, Wirehaired Terrier",3 stars,4 stars,Purebred,5 stars,12-14 years,3 stars,5 stars
Average $600 - $800 USD,1 stars,Silky Terrier,3 stars,No,3-5 puppies,3 stars,3 stars,4 stars,1 stars,Small,4 stars,3 stars,2 stars,3 stars,"Sydney Silky, Australian Silky Terrier",4 stars,4 stars,Purebred,3 stars,12-14 years,5 stars,4 stars
Average $300 - $500 USD,1 stars,Rat Terrier,3 stars,No,5-7 puppies,4 stars,3 stars,1 stars,3 stars,Small,5 stars,3 stars,4 stars,4 stars,"American Rat Terrier, Ratting Terrier, Decker Giant, RT, Rat, Rattie",2 stars,5 stars,Purebred,5 stars,15-18 years,5 stars,3 stars
Average $1400 - $2000 USD,4 stars,Norwich Terrier,2 stars,Yes,1-3 puppies,4 stars,4 stars,3 stars,1 stars,Small,4 stars,3 stars,5 stars,3 stars,None,4 stars,4 stars,Purebred,5 stars,12-15 years,4 stars,4 stars
Average $800 - $1000 USD,3 stars,Gordon Setter,3 stars,No,6-8 puppies,3 stars,5 stars,4 stars,3 stars,Large,5 stars,4 stars,2 stars,3 stars,Gordon Castle Setters,4 stars,4 stars,Purebred,5 stars,10-12 years,1 stars,5 stars
Average $700 - $1000 USD,5 stars,Jack Russell Terrier,3 stars,No,4-8 puppies,2 stars,5 stars,2 stars,5 stars,Small,4 stars,3 stars,2 stars,3 stars,"Russell Terrier, JRT, Jack",2 stars,2 stars,Purebred,5 stars,13-16 years,1 stars,4 stars
Average $400 - $600 USD,5 stars,Parson Russell Terrier,3 stars,No,4-8 puppies,1 stars,5 stars,3 stars,1 stars,Medium,4 stars,3 stars,1 stars,3 stars,"Jack Russell Terrier, Parson, Parson Jack Russell Terrier",2 stars,4 stars,Purebred,5 stars,13-15 years,1 stars,5 stars
Average $1500 - $2000 USD,2 stars,Spinone Italiano,3 stars,No,4-8 puppies,3 stars,4 stars,2 stars,1 stars,Medium,5 stars,3 stars,5 stars,5 stars,"Italian Spinone, Spinone, Italian Griffon, Italian Wire-Haired Pointer, Italian Coarsehaired Pointer",2 stars,4 stars,Purebred,3 stars,12-14 years,3 stars,3 stars
Average $400 - $600 USD,2 stars,Toy Fox Terrier,3 stars,No,2-6 puppies,5 stars,3 stars,1 stars,3 stars,Small,2 stars,3 stars,3 stars,3 stars,"American Toy Terrier, Amertoy",2 stars,2 stars,Purebred,5 stars,13-14 years,5 stars,5 stars
Average $600 - $1000 USD,1 stars,Schipperke,3 stars,No,3-7 puppies,4 stars,5 stars,2 stars,3 stars,Small,4 stars,3 stars,3 stars,2 stars,"Spitzke, Spits, Spitske",5 stars,5 stars,Purebred,5 stars,13-15 years,2 stars,5 stars
Average $800 - $1000 USD,2 stars,Boykin Spaniel,3 stars,No,5-7 puppies,3 stars,5 stars,3 stars,3 stars,Medium,4 stars,3 stars,3 stars,3 stars,"Boykin, Swamp Poodle, LBD (Little Brown Dog)",2 stars,5 stars,Purebred,5 stars,14-16 years,5 stars,3 stars
Average $800 - $1200 USD,5 stars,Welsh Terrier,2 stars,Yes,4-6 puppies,1 stars,4 stars,5 stars,1 stars,Small,4 stars,3 stars,2 stars,3 stars,"Welshie, WT",3 stars,4 stars,Purebred,5 stars,10-14 years,4 stars,4 stars
Average $1200 - $1400 USD,5 stars,Belgian Sheepdog,3 stars,No,6-10 puppies,5 stars,5 stars,3 stars,4 stars,Large,4 stars,5 stars,3 stars,3 stars,"Groenendael, Chien De Berger Belge",5 stars,4 stars,Purebred,5 stars,12-14 years,1 stars,5 stars
Average $400 - $500 USD,3 stars,Pointer,1 stars,No,4-6 puppies,1 stars,4 stars,1 stars,1 stars,Medium,5 stars,4 stars,5 stars,2 stars,English Pointer,2 stars,4 stars,Purebred,5 stars,12-15 years,1 stars,5 stars
Average $1800 - $2500 USD,2 stars,Black Russian Terrier,2 stars,No,6-12 puppies,3 stars,4 stars,3 stars,1 stars,Large,3 stars,5 stars,3 stars,1 stars,"Chornyi, Terrier Noir Russem, Schwarzer Russicher Terrier, Tchiorny Terrier, Mustaterrieri, Black Terrier, Russian Bear Schnauzer, BRT, Stalin's Dog",2 stars,4 stars,Purebred,3 stars,10-11 years,3 stars,3 stars
Average $800 - $1000 USD,2 stars,Tibetan Spaniel,2 stars,No,3-6 puppies,5 stars,2 stars,3 stars,1 stars,Small,4 stars,4 stars,5 stars,2 stars,"Tibbie, Simkhyi",4 stars,4 stars,Purebred,5 stars,12-15 years,5 stars,3 stars
Average $1500 - $2000 USD,2 stars,Neapolitan Mastiff,5 stars,No,6-12 puppies,3 stars,2 stars,2 stars,3 stars,Large,3 stars,5 stars,1 stars,1 stars,"Neo, Italian Bulldog, Italian Mastiff, Mastino Napoletano, Italian Molosso, Can'E Presa",2 stars,4 stars,Purebred,2 stars,8-10 years,2 stars,2 stars
Average $1200 - $1400 USD,4 stars,Bearded Collie,3 stars,No,4-12 puppies,4 stars,3 stars,5 stars,4 stars,Medium,4 stars,4 stars,4 stars,4 stars,"Highland Collie, Mountain Collie, Argle Bargle, Hairy Mou'ed Collie, Beardie",4 stars,4 stars,Purebred,5 stars,12-14 years,3 stars,5 stars
Average $600 - $800 USD,3 stars,Irish Terrier,3 stars,Yes,4-6 puppies,2 stars,4 stars,4 stars,1 stars,Medium,4 stars,5 stars,2 stars,2 stars,"Irish Red Terrier, Daredevil",4 stars,4 stars,Purebred,5 stars,12-15 years,3 stars,4 stars
Average $600 - $800 USD,5 stars,American Eskimo Dog,3 stars,No,4-6 puppies,3 stars,4 stars,3 stars,5 stars,Small,4 stars,3 stars,4 stars,2 stars,"Eskimo Spitz, American Spitz, German Spitz, Eskie",2 stars,2 stars,Purebred,5 stars,12-14 years,3 stars,4 stars
Average $400 - $600 USD,4 stars,Treeing Walker Coonhound,1 stars,No,4-6 puppies,1 stars,5 stars,1 stars,3 stars,Medium,4 stars,3 stars,3 stars,3 stars,"TWC, Walker",2 stars,4 stars,Purebred,3 stars,12-13 years,3 stars,4 stars
Average $500 - $600 USD,5 stars,Bluetick Coonhound,1 stars,No,6-8 puppies,3 stars,5 stars,1 stars,3 stars,Large,4 stars,1 stars,5 stars,3 stars,None,2 stars,4 stars,Purebred,5 stars,11-12 years,1 stars,3 stars
Average $500 - $600 USD,4 stars,Kerry Blue Terrier,3 stars,Yes,4-8 puppies,2 stars,4 stars,5 stars,1 stars,Medium,4 stars,5 stars,2 stars,3 stars,"Kerry, Irish Blue Terrier",4 stars,4 stars,Purebred,5 stars,12-15 years,5 stars,4 stars
Average $700 - $1000 USD,3 stars,Smooth Fox Terrier,3 stars,No,3-6 puppies,1 stars,5 stars,2 stars,3 stars,Small,5 stars,3 stars,2 stars,2 stars,"Fox Terrier, Foxie, SFT",4 stars,4 stars,Purebred,5 stars,12-14 years,3 stars,5 stars
Average $1000 - $1200 USD,3 stars,Briard,3 stars,No,8-10 puppies,3 stars,5 stars,5 stars,3 stars,Large,4 stars,5 stars,3 stars,2 stars,"Berger De Brie, Berger Briard",5 stars,4 stars,Purebred,4 stars,10-12 years,4 stars,3 stars
Average $1200 - $2000 USD,2 stars,Miniature Bull Terrier,3 stars,Yes,1-9 puppies,1 stars,4 stars,1 stars,1 stars,Small,4 stars,3 stars,2 stars,3 stars,Bull Terrier (Miniature),2 stars,5 stars,Purebred,4 stars,10-12 years,3 stars,5 stars
Average $1000 - $1800 USD,4 stars,English Toy Spaniel,2 stars,No,2-4 puppies,3 stars,1 stars,3 stars,3 stars,Small,3 stars,4 stars,4 stars,2 stars,"King Charles Spaniel, Toy Spaniel, Prince Charles Spaniel, Ruby Spaniel, Blenheim Spaniel, Charlies",2 stars,3 stars,Purebred,5 stars,10-12 years,5 stars,3 stars
Average $1200 - $1400 USD,3 stars,Welsh Springer Spaniel,3 stars,No,6-8 puppies,3 stars,4 stars,3 stars,3 stars,Medium,5 stars,4 stars,5 stars,2 stars,"Welsh Springer, Welsh Cocker Spaniel, Welsh Starter, Welshie",4 stars,4 stars,Purebred,5 stars,12-15 years,1 stars,4 stars
Average $300 - $400 USD,5 stars,Black and Tan Coonhound,3 stars,No,6-8 puppies,5 stars,5 stars,1 stars,5 stars,Large,5 stars,3 stars,5 stars,2 stars,American Black And Tan Coonhound,4 stars,4 stars,Purebred,5 stars,10-12 years,1 stars,3 stars
Average $1500 - $2000 USD,2 stars,Boerboel,3 stars,No,7-10 puppies,2 stars,4 stars,1 stars,3 stars,Large,4 stars,5 stars,2 stars,2 stars,"South African Boerboel, South African Mastiff",2 stars,5 stars,Purebred,3 stars,10-12 years,2 stars,3 stars
Average $800 - $1200 USD,3 stars,Affenpinscher,3 stars,Yes,1-3 puppies,3 stars,3 stars,5 stars,1 stars,Small,1 stars,5 stars,3 stars,3 stars,"Affen, Affie, Monkey Dog",4 stars,4 stars,Purebred,5 stars,12-14 years,5 stars,4 stars
Average $600 - $800 USD,3 stars,Australian Terrier,4 stars,Yes,4 puppies,1 stars,4 stars,3 stars,1 stars,small,4 stars,3 stars,1 stars,3 stars,Aussie,4 stars,4 stars,Purebred,5 stars,12-15 years,3 stars,4 stars
Average $600 - $800 USD,1 stars,Xoloitzcuintli,1 stars,Yes,3-7 puppies,5 stars,3 stars,2 stars,1 stars,Medium,4 stars,3 stars,5 stars,2 stars,"Mexican Hairless, Xoloitzcuintli, Xoloitzcuintle, Xoloitzquintle, Xoloescuincle, Xolo, Xolito",2 stars,4 stars,Purebred,5 stars,14-20 years,5 stars,3 stars
Average $800 - $1200 USD,1 stars,Clumber Spaniel,3 stars,No,2-8 puppies,3 stars,4 stars,3 stars,5 stars,Large,4 stars,3 stars,5 stars,2 stars,Retired Gentleman's Spaniel,4 stars,4 stars,Purebred,5 stars,10-12 years,3 stars,3 stars
Average $2500 - $3500 USD,5 stars,Tibetan Mastiff,2 stars,No,5-12 puppies,3 stars,3 stars,3 stars,3 stars,Large,4 stars,3 stars,2 stars,1 stars,Dok-Khyi,2 stars,4 stars,Purebred,3 stars,10-14 years,1 stars,3 stars
Average $800 - $1000 USD,5 stars,Icelandic Sheepdog,2 stars,No,4-8 puppies,3 stars,3 stars,3 stars,3 stars,Medium,5 stars,3 stars,3 stars,4 stars,"Icelandic Spitz, Iceland Dog, Íslenskur Fjárhundur, Islandsk Farehond, Friaar Dog, Canis Islandicus",2 stars,4 stars,Purebred,5 stars,12-15 years,2 stars,4 stars
Average $600 - $800 USD,5 stars,Redbone Coonhound,1 stars,No,6-10 puppies,2 stars,5 stars,1 stars,1 stars,Medium,5 stars,1 stars,5 stars,4 stars,"Redbone Hound, Reds",2 stars,4 stars,Purebred,5 stars,12-14 years,1 stars,4 stars
Average $600 - $800 USD,2 stars,Saluki,3 stars,No,4-8 puppies,2 stars,3 stars,1 stars,1 stars,Large,4 stars,3 stars,3 stars,3 stars,"Gazelle Hound, Persian Greyhound",4 stars,3 stars,Purebred,5 stars,12-14 years,5 stars,3 stars
Average $1400 - $1600 USD,3 stars,German Pinscher,2 stars,No,6-8 puppies,3 stars,4 stars,1 stars,1 stars,Medium,4 stars,3 stars,3 stars,3 stars,"Standard Pinscher, Glatthaariger Pinscher",2 stars,4 stars,Purebred,3 stars,12-15 years,3 stars,4 stars
Average $2000 - $2500 USD,3 stars,Norfolk Terrier,3 stars,Yes,2-5 puppies,4 stars,4 stars,3 stars,1 stars,Small,4 stars,3 stars,4 stars,2 stars,None,4 stars,2 stars,Purebred,5 stars,12-15 years,4 stars,4 stars
Average $800 - $1000 USD,1 stars,Irish Water Spaniel,4 stars,Yes,4-12 puppies,2 stars,5 stars,4 stars,1 stars,Medium,5 stars,4 stars,2 stars,2 stars,"Whiptail, Shannon Spaniel, Rat Tail Spaniel, Bog Dog",1 stars,5 stars,Purebred,4 stars,10-12 years,2 stars,4 stars
Average $1200 - $1500 USD,3 stars,Beauceron,2 stars,No,6-7 puppies,2 stars,4 stars,2 stars,3 stars,Large,4 stars,3 stars,2 stars,2 stars,"Berger De Beauce, Bas-Rouge, French Shorthaired Shepherd, Beauce Shepherd",2 stars,2 stars,Purebred,3 stars,10-12 years,2 stars,4 stars
Average $1200 - $1600 USD,5 stars,Petit Basset Griffon Vendeen,4 stars,No,4-5 puppies,3 stars,4 stars,2 stars,3 stars,Medium,4 stars,3 stars,5 stars,4 stars,PBGV,3 stars,2 stars,Purebred,3 stars,11-14 years,4 stars,4 stars
Average $1200 - $18000 USD,3 stars,Lakeland Terrier,2 stars,Yes,3-5 puppies,1 stars,4 stars,5 stars,3 stars,Small,4 stars,3 stars,1 stars,4 stars,None,3 stars,2 stars,Purebred,3 stars,12-16 years,4 stars,4 stars
Average $1200 - $1500 USD,3 stars,Kuvasz,4 stars,No,6-8 puppies,3 stars,3 stars,3 stars,4 stars,Giant,4 stars,5 stars,3 stars,2 stars,Hungarian Kuvasz,4 stars,4 stars,Purebred,3 stars,10-12 years,1 stars,4 stars
Average $300 - $500 USD,3 stars,Plott Hound,1 stars,No,6-10 puppies,2 stars,5 stars,1 stars,1 stars,Medium,4 stars,3 stars,3 stars,2 stars,"Plotthund, Plott",2 stars,4 stars,Purebred,3 stars,12-14 years,1 stars,4 stars
Average $800 - $1000 USD,3 stars,Irish Red and White Setter,3 stars,No,6-12 puppies,3 stars,5 stars,3 stars,3 stars,Large,5 stars,3 stars,5 stars,4 stars,"Irish R&W Setter, IRWS",2 stars,4 stars,Purebred,5 stars,11-13 years,2 stars,4 stars
Average $500 - $800 USD,1 stars,Greyhound,3 stars,No,1-12 puppies,2 stars,2 stars,1 stars,3 stars,Giant,5 stars,3 stars,5 stars,5 stars,English Greyhound,4 stars,4 stars,Purebred,5 stars,10-13 years,5 stars,3 stars
Average $1800 - $2000 USD,2 stars,Bedlington Terrier,3 stars,Yes,3-6 puppies,3 stars,3 stars,5 stars,1 stars,Medium,4 stars,3 stars,4 stars,4 stars,"Rothbury Terrier, Rodbery Terrier",4 stars,4 stars,Purebred,4 stars,14-16 years,4 stars,3 stars
Average $800 - $1000 USD,2 stars,Field Spaniel,3 stars,No,4-6 puppies,3 stars,5 stars,2 stars,3 stars,Medium,5 stars,3 stars,5 stars,3 stars,Field,4 stars,4 stars,Purebred,5 stars,10-12 years,5 stars,5 stars
Average $800 - $1200 USD,3 stars,Ibizan Hound,3 stars,No,6-12 puppies,2 stars,4 stars,3 stars,3 stars,Large,4 stars,3 stars,3 stars,2 stars,"Ca Eivissenc, Podenco Ibicenco, Ibizan Warren Hound",4 stars,4 stars,Purebred,4 stars,12-14 years,1 stars,3 stars
Average $1000 - $1200 USD,4 stars,Puli,3 stars,Yes,4-6 puppies,3 stars,4 stars,5 stars,1 stars,Medium,4 stars,5 stars,3 stars,2 stars,"Hungarian Puli, Hungarian Water Dog, Pulik",5 stars,4 stars,Purebred,3 stars,12-16 years,4 stars,4 stars
Average $700 - $900 USD,4 stars,Swedish Vallhund,2 stars,No,4-8 puppies,5 stars,4 stars,3 stars,1 stars,Medium,5 stars,3 stars,3 stars,5 stars,Västgötaspets,2 stars,4 stars,Purebred,5 stars,12-14 years,3 stars,3 stars
Average $800 - $1000 USD,1 stars,Wirehaired Vizsla,3 stars,No,6-10 puppies,3 stars,4 stars,2 stars,1 stars,Medium,4 stars,4 stars,4 stars,4 stars,"Drótszőrű magyar vizsla, Hungarian Wirehaired Vizsla",2 stars,5 stars,Purebred,5 stars,12-14 years,2 stars,4 stars
Average $1000 - $1200 USD,3 stars,Entlebucher Mountain Dog,3 stars,No,7-8 puppies,3 stars,5 stars,1 stars,3 stars,Medium,4 stars,5 stars,3 stars,2 stars,"Entlebucher Sennenhund, Entelbucher Cattle Dog, Entlebucher",2 stars,2 stars,Purebred,3 stars,11-15 years,2 stars,3 stars
Average $800 - $1000 USD,1 stars,Sealyham Terrier,2 stars,Yes,3-6 puppies,3 stars,3 stars,3 stars,1 stars,Small,4 stars,3 stars,4 stars,3 stars,"Welsh Border Terrier, Cowley Terrier",4 stars,2 stars,Purebred,5 stars,14-16 years,5 stars,3 stars
Average $800 - $1000 USD,4 stars,American Water Spaniel,3 stars,No,4-6 puppies,3 stars,5 stars,3 stars,1 stars,Medium,5 stars,4 stars,2 stars,5 stars,"AWS, American Brown Spaniel, American Brown Water Spaniel",4 stars,4 stars,Purebred,5 stars,10-12 years,5 stars,5 stars
Average $800 - $1000 USD,2 stars,Portuguese Podengo Pequeno,1 stars,No,4-6 puppies,2 stars,3 stars,1 stars,3 stars,Small,4 stars,3 stars,4 stars,3 stars,"Podengo Portugues, Portuguese Warren Hound",2 stars,3 stars,Purebred,3 stars,12-14 years,5 stars,3 stars
Average $1000 - $1200 USD,1 stars,Scottish Deerhound,5 stars,No,4-8 puppies,2 stars,3 stars,2 stars,3 stars,Giant,5 stars,1 stars,5 stars,5 stars,Deerhound,4 stars,4 stars,Purebred,3 stars,8-10 years,4 stars,3 stars
Average $800 - $1000 USD,5 stars,Norwegian Buhund,2 stars,No,4-8 puppies,5 stars,5 stars,1 stars,3 stars,Medium,5 stars,4 stars,3 stars,3 stars,"Norsk Buhund, Norwegian Sheepdog",2 stars,4 stars,Purebred,5 stars,13-15 years,2 stars,4 stars
Average $800 - $1200 USD,4 stars,Komondor,3 stars,No,3-10 puppies,4 stars,3 stars,3 stars,1 stars,Large,2 stars,5 stars,2 stars,1 stars,"Hungarian Sheepdog, Hungarian Komondor, Mop Dog",2 stars,4 stars,Purebred,3 stars,10-12 years,2 stars,3 stars
Average $1500 - $2000 USD,2 stars,Polish Lowland Sheepdog,2 stars,Yes,2-6 puppies,3 stars,3 stars,4 stars,1 stars,Medium,4 stars,5 stars,2 stars,2 stars,"Polski Owczarek Nizinny (Polish), Valee Sheepdog, PON, Nizinny, PLS",2 stars,1 stars,Purebred,3 stars,10-12 years,3 stars,4 stars
Average $800 - $1000 USD,2 stars,Cirneco dell’Etna,1 stars,No,3-5 puppies,3 stars,4 stars,2 stars,1 stars,Medium,4 stars,3 stars,5 stars,3 stars,Cirneco,2 stars,4 stars,Purebred,5 stars,12-15 years,5 stars,3 stars
Average $600 - $1000 USD,3 stars,Manchester Terrier,2 stars,No,2-4 puppies,3 stars,4 stars,1 stars,1 stars,Small,3 stars,3 stars,3 stars,3 stars,None,4 stars,4 stars,Purebred,5 stars,14-16 years,5 stars,4 stars
Average $600 - $800 USD,3 stars,Curly-Coated Retriever,2 stars,No,6-8 puppies,3 stars,3 stars,2 stars,3 stars,Large,4 stars,3 stars,5 stars,3 stars,"Curly, CCR",4 stars,4 stars,Purebred,5 stars,8-12 years,3 stars,3 stars
Average $300 - $500 USD,5 stars,Lowchen,2 stars,Yes,3-6 puppies,5 stars,3 stars,5 stars,1 stars,Small,4 stars,3 stars,3 stars,5 stars,"Petit Chien Lion, Little Lion Dog",2 stars,4 stars,Purebred,5 stars,12-15 years,5 stars,3 stars
Average $800 - $1000 USD,1 stars,Glen of Imaal Terrier,3 stars,No,3-5 puppies,1 stars,4 stars,2 stars,1 stars,Medium,4 stars,3 stars,2 stars,2 stars,"Glen, Glennie, Irish Glen Of Imaal Terrier",2 stars,4 stars,Purebred,5 stars,12-14 years,5 stars,4 stars
Average $500 - $600 USD,2 stars,Otterhound,2 stars,No,4-7 puppies,3 stars,5 stars,4 stars,4 stars,Large,4 stars,2 stars,3 stars,2 stars,None,4 stars,4 stars,Purebred,3 stars,10-12 years,1 stars,5 stars
Average $300 - $500 USD,3 stars,Cesky Terrier,3 stars,Yes,2-4 puppies,3 stars,3 stars,5 stars,1 stars,Small,4 stars,4 stars,1 stars,2 stars,Bohemian Terrier,2 stars,1 stars,Cross Breed,3 stars,12-15 years,3 stars,3 stars
Average $800 - $1000 USD,3 stars,Chinook,3 stars,No,3-6 puppies,3 stars,5 stars,3 stars,3 stars,Large,5 stars,4 stars,3 stars,3 stars,None,2 stars,4 stars,Purebred,5 stars,12-15 years,3 stars,4 stars
Average $500 - $700 USD,3 stars,Finnish Spitz,4 stars,No,3-6 puppies,4 stars,5 stars,3 stars,3 stars,Medium,4 stars,3 stars,3 stars,3 stars,"Barking Bird Dog, Finnish Hunting Dog, Finnish Spets, Finsk Spets, Loulou Finois, Suomalainen Pystykorva, Suomenpystykorva",4 stars,4 stars,Purebred,3 stars,12-15 years,1 stars,4 stars
Average $500 - $800 USD,2 stars,Pyrenean Shepherd,2 stars,No,4 puppies,3 stars,5 stars,3 stars,3 stars,Medium,4 stars,4 stars,2 stars,2 stars,"Berger Des Pyrénées, Petit Berger, Pyrenees Sheepdog, Pyr Shep",2 stars,4 stars,Purebred,2 stars,15-17 years,4 stars,4 stars
Average $1000 - $1200 USD,2 stars,Bergamasco,2 stars,Yes,6-10 puppies,3 stars,4 stars,2 stars,1 stars,Large,5 stars,3 stars,3 stars,2 stars,"Bergamasco Shepherd Dog, Bergermaschi",2 stars,2 stars,Purebred,5 stars,13-15 years,3 stars,3 stars
Average $700 - $900 USD,2 stars,Skye Terrier,4 stars,No,4-6 puppies,2 stars,3 stars,3 stars,1 stars,Medium,3 stars,5 stars,2 stars,2 stars,None,4 stars,2 stars,Purebred,5 stars,12-14 years,5 stars,3 stars
Average $1400 - $1600 USD,2 stars,Dandie Dinmont Terrier,2 stars,Yes,3-6 puppies,3 stars,3 stars,3 stars,1 stars,Small,4 stars,3 stars,4 stars,3 stars,"Dandie, Hindlee Terrier",3 stars,2 stars,Purebred,5 stars,12-14 years,5 stars,3 stars
Average $1800 - $2000 USD,2 stars,Pharaoh Hound,1 stars,No,6-8 puppies,2 stars,3 stars,1 stars,1 stars,Medium,4 stars,3 stars,4 stars,4 stars,"Kelb Tal-Fenek (in Country Of Origin), Pharaoh",4 stars,4 stars,Purebred,5 stars,11-14 years,3 stars,3 stars
Average $500 - $700 USD,5 stars,Sussex Spaniel,3 stars,No,5-6 puppies,3 stars,4 stars,3 stars,3 stars,Medium,5 stars,3 stars,5 stars,3 stars,Sussex,2 stars,4 stars,Purebred,5 stars,12-15 years,3 stars,3 stars
Average $800 - $1200 USD,3 stars,Canaan Dog,3 stars,No,4-6 puppies,2 stars,3 stars,1 stars,3 stars,Medium,5 stars,3 stars,2 stars,3 stars,"Kalef K'Naani, Canaanite Dog",2 stars,1 stars,Purebred,5 stars,12-14 years,5 stars,3 stars
Average $600 - $800 USD,5 stars,Finnish Lapphund,2 stars,No,2-9 puppies,3 stars,5 stars,5 stars,5 stars,Medium,5 stars,4 stars,5 stars,2 stars,"Lapinkoira, Suomenlapinkoira",2 stars,5 stars,Purebred,5 stars,12-15 years,2 stars,4 stars
Average $1000 - $1200 USD,3 stars,Spanish Water Dog,3 stars,Yes,4-6 puppies,2 stars,4 stars,5 stars,1 stars,Medium,2 stars,4 stars,3 stars,2 stars,"Perro De Agua Español, SWD",2 stars,4 stars,Purebred,4 stars,10-14 years,2 stars,4 stars
Average $300 - $400 USD,2 stars,Harrier,1 stars,No,5-7 puppies,2 stars,5 stars,1 stars,3 stars,Medium,5 stars,2 stars,5 stars,4 stars,None,2 stars,4 stars,Purebred,3 stars,10-12 years,1 stars,3 stars
Average $1000 - $1200 USD,2 stars,American English Coonhound,3 stars,No,4-6 puppies,3 stars,4 stars,1 stars,3 stars,Large,4 stars,4 stars,2 stars,2 stars,"English Coonhound, Redtick Coonhound",2 stars,4 stars,Purebred,4 stars,11-12 years,2 stars,4 stars
Average $400 - $500 USD,4 stars,Griffon bleu de Gascogne,2 stars,No, ,3 stars,4 stars,2 stars,0 stars,Medium,4 stars,4 stars,3 stars,4 stars,None,2 stars,0 stars,Cross Breed,4 stars,12-15 years,2 stars,3 stars
Average $400 - $600 USD,2 stars,American Foxhound,1 stars,No,5-7 puppies,2 stars,5 stars,1 stars,1 stars,Large,4 stars,2 stars,4 stars,3 stars,Foxhound,4 stars,4 stars,Purebred,5 stars,10-12 years,1 stars,5 stars
Average $400 - $500 USD,3 stars,Hamilton Hound,3 stars,No,4-8 puppies,3 stars,3 stars,1 stars,1 stars,Medium,4 stars,3 stars,4 stars,3 stars,"Hamiltonstovare, Swedish Foxhound",3 stars,3 stars,Purebred,4 stars,11-13 years,4 stars,3 stars
Average $400 - $500 USD,3 stars,Large Munsterlander,2 stars,No,5-9 puppies,3 stars,5 stars,3 stars,3 stars,Large,5 stars,3 stars,5 stars,3 stars,"Grosser Munsterlander Vorstehhund, Vorstehhund",3 stars,5 stars,Purebred,5 stars,11-13 years,1 stars,5 stars
 ,,Kromfohrlander,,No,, ,, , ,Medium , , , ,, , , ,Purebred, , ,,
Average $2000 - $3000 USD,,Lagotto Romagnolo,,Yes,, ,, , ,Medium dog breeds, , , ,, , , ,Purebred, ,15 - 17 years,,
Average $400 - $600 USD,3 stars,Koolie,3 stars,No,4-6 puppies,3 stars,4 stars,2 stars,3 stars,Medium,4 stars,4 stars,3 stars,2 stars,"Australian Koolie, German Koolie, German Coolie",3 stars,3 stars,Purebred,4 stars,16-18 years,3 stars,3 stars
Average $600 - $800 USD,3 stars,Kooikerhondje,3 stars,No,5-7 puppies,3 stars,4 stars,2 stars,3 stars,Medium,4 stars,4 stars,3 stars,2 stars,"Kooiker Dog, Nederlandse Kooikerhondje, Small Dutch Waterfowl Dog",3 stars,1 stars,Purebred,5 stars,12-14 years,3 stars,5 stars
Average $300 - $500 USD,1 stars,Kishu,1 stars,No,"2-5 puppies, average 3",3 stars,5 stars,4 stars,3 stars,Medium,4 stars,4 stars,4 stars,3 stars,"Kishu, Kishu Inu",3 stars,1 stars,Purebred,4 stars,11-13 years,3 stars,3 stars
Average $300 - $400 USD,3 stars,Hokkaido Dog,3 stars,No,4-7 puppies,3 stars,3 stars,4 stars,3 stars,Medium,4 stars,4 stars,4 stars,3 stars,"Ainu dog, Dō-ken, Ainu-ken, Seta",3 stars,3 stars,Purebred,3 stars,11-13 years,1 stars,3 stars
Average $300 - $400 USD,1 stars,Korean Jindo Dog,2 stars,No,4-8 puppies,3 stars,3 stars,4 stars,3 stars,Medium,4 stars,4 stars,3 stars,3 stars,"Korean Jindo Dog, Chindo, Jindo, Jindo Gae, Jindogae, Jin Dog, Jindo Gu",3 stars,1 stars,Purebred,4 stars,12-15 years,4 stars,4 stars
Average $1000 - $1200 USD,3 stars,Karelian Bear Dog,1 stars,No,4-8 puppies,3 stars,5 stars,4 stars,3 stars,Medium,3 stars,4 stars,3 stars,3 stars,"KBD, Karjalankarhukoira, Karelsk Björnhund",3 stars,1 stars,Purebred,4 stars,10-12 years,2 stars,3 stars
 ,0 stars,Japanese Terrier,0 stars,No, ,0 stars,0 stars,0 stars,0 stars,Small,0 stars,0 stars,0 stars,0 stars,"Nippon Terrier, Nihon Teria, Nihon Terrier, Kobe Terrier, Mikado Terrier, Oyuki (Snowy) Terrier",0 stars,0 stars,Purebred,0 stars,12-15 years,0 stars,0 stars
Average $500 - $800 USD,5 stars,Japanese Spitz,3 stars,No,1-6 puppies,4 stars,3 stars,4 stars,3 stars,Small,5 stars,3 stars,4 stars,3 stars,None,3 stars,3 stars,Purebred,4 stars,12-15 years,5 stars,5 stars
 ,0 stars,Jamthund (Swedish Elkhound),0 stars,-, ,0 stars,0 stars,3 stars,0 stars,Medium,0 stars,0 stars,0 stars,0 stars,Swedish Elkhound,3 stars,0 stars,Purebred,0 stars,11-14 years,1 stars,0 stars
Average $1000 - $1200 USD,2 stars,Hovawart,3 stars,No,6-8 puppies,3 stars,3 stars,5 stars,3 stars,Medium,4 stars,5 stars,4 stars,2 stars,Hovie,3 stars,4 stars,Purebred,5 stars,10-14 years,1 stars,3 stars
Average $400 - $600 USD,2 stars,Norwegian Lundehund,3 stars,No,4-8 puppies,2 stars,5 stars,3 stars,1 stars,Small,4 stars,4 stars,3 stars,2 stars,"Norsk Lundehund, Norwegian Puffin Dog, Lundehund",2 stars,3 stars,Purebred,4 stars,10-12 years,1 stars,4 stars
Average $500 - $800 USD,0 stars,Greenland Dog,3 stars,No,4-6 puppies,4 stars,4 stars,1 stars,0 stars,Medium,4 stars,3 stars,4 stars,3 stars,"Gronlandshunden, Greenland Husky",2 stars,0 stars,Purebred,3 stars,12-14 years,2 stars,3 stars
Average $800 - $1200 USD,3 stars,English Foxhound,1 stars,No,5-7 puppies,2 stars,5 stars,1 stars,3 stars,Large,5 stars,3 stars,5 stars,3 stars,Foxhound,4 stars,4 stars,Purebred,4 stars,10-13 years,1 stars,3 stars
 ,,Lapponian Herder,,No,, ,, , ,Medium dog breeds, , , ,, , , ,Purebred, ,11 - 12 years,,
Average $1800 - $2200 USD,,Landseer,,No,, ,, , ,Giant dog breeds, , , ,, , , ,Purebred, ,9 - 11 years,,
 ,,New Guinea Singing Dog,,No,, ,, , ,Medium , , , ,, , , ,Purebred, ,12 - 16 years,,
Average $1100 - $1500 USD,,Lancashire Heeler,,No,, ,, , ,Small dog breeds, , , ,, , , ,Purebred, ,12 - 16 years,,
 ,,Small Munsterlander,,No,,,,,,Medium , Very friendly!,,,,,,,Purebred,,12 - 13 years,,
 ,,Mudi,,No,, ,, , ,Medium-sized , , , ,, , , ,Purebred, ,13 - 14 years,,
 ,,Plummer Terrier,,-,, ,, , ,Small , , , ,, , , ,Purebred, , ,,
 ,,Picardy Spaniel,,No,, ,, , ,Large , , , ,, , , ,Purebred, ,13 - 14 years,,
 ,,Portuguese Pointer,,No,, ,, , ,Medium , , , ,, , , ,Purebred, ,12 to 14 years,,
Average $400 - $600 USD,,Peruvian Inca Orchid,,Yes,,,,,,Medium ,, Best!,,, Best!,,,Purebred,,11 - 12 years,,
 ,,Perro de Presa Mallorquin,,-,, ,, , ,Medium , , , ,, , , ,Purebred, , ,,
 ,,Patterdale Terrier,,-,, ,, , ,Small , , , ,, , , ,Purebred, ,15 - 17 years,,
Average $1200 - $3000 USD,,Perro de Presa Canario,,No,,,,,,Large ,, Best!,,, Best!,,,Cross Breed,,9 - 11 years,,
 ,,Pakistani Mastiff,,-,, ,, , ,Giant , , , ,, , , ,Purebred, ,8 - 10 years,,
 ,,Northern Inuit Dog,,-,, ,, , ,Large , , , ,, , , ,Cross Breed, , ,,
Average $1800 - $2500 USD,,Olde English Bulldogge,,-,, ,, , ,Large , , , ,, , , ,Purebred, ,9 - 14 years,,
 ,,Toy Bulldog,,No,, ,, , ,Small , , , ,, , , ,Purebred, , ,,
 ,,McNab,,No,, ,, , ,Medium , , , ,, , , ,Purebred, , ,,
 ,,Norrbottenspets,,No,, ,, , ,Medium , , , ,, , , ,Purebred, ,12 - 15 years,,
Average $250 - $300 USD,,Catahoula Cur,,No,,,,,,Medium ,, Best!,,, Best!,,,Purebred,,10 - 14 years,,
 ,,Pumi,,No,, ,, , ,Medium , , , ,, , , ,Purebred, ,12 to 13 years,,
 ,,Pudelpointer,,No,, ,, , ,Large , , , ,, , , ,Cross Breed, , ,,
 ,,Prazsky Krysarik,,No,, ,, , ,Small , , , ,, , , ,Purebred, ,12 to 14 years,,
 ,,Rajapalyam dog,,-,, ,, , ,Large , , , ,, , , ,Purebred, , ,,
 ,,Russian Spaniel,,No,, ,, , ,small , , , ,, , , ,Cross Breed, ,Average 14 years,,
 ,,Russian Toy,,No,, ,, , ,Small , , , ,, , , ,Purebred, , ,,
 ,,Saarloos wolfdog,,-,, ,, , ,Large , , , ,, , , ,Cross Breed, , ,,
 ,,Sapsali,,-,, ,, , ,Medium , , , ,, , , ,Purebred, , ,,
 ,,Rafeiro do Alentejo,,No,, ,, , ,Large , , , ,, , , ,Purebred, ,12 to 14 years,,
,,African Wild Dog,,-,,,,,,Medium dog breeds,,,,,,,,Purebred,,～18 - 34 kg,,
 ,,South Russian Ovcharka,,No,, ,, , ,Large , , , ,, , , ,Purebred, ,12 -15 yrs,,
Average $600 - $1000 USD,,Smooth Collie,,No,, Very friendly!,, Very friendly!,,Large , Very friendly!, Beat!, Very friendly!,, Beat!,,,Purebred,,12 - 15 years,,
Average $800 - $1500 USD,,Silken Windhound,,No,,,,,,Medium ,,,,,,,,Purebred,,12 - 15 years,,
 ,,Seppala Siberian Sleddog,,-,, ,, , ,Medium , , , ,, , , ,Purebred, ,12 -15 yrs,,
 ,,Shiloh Shepherd dog,,-,, ,, , ,Giant , , , ,, , , ,Purebred, ,9 -14 yrs,,
 ,,Shikoku dog,,-,, ,, , ,Medium , , , ,, , , ,Purebred, ,11 -12 yrs,,
 ,,Smaland Hound,,No,, ,, , ,Medium , , , ,, , , ,Purebred, ,12 -15 yrs,,
 ,,Sarplaninac,,-,, ,, , ,Medium , , , ,, , , ,Purebred, ,11-13 yrs,,
 ,,Schapendoes,,No,, ,, , ,Medium , , , ,, , , ,Purebred, ,12 -15 yrs,,
 ,,Sloughi,,No,,,,,,Large ,, Beat!,,, Beat!,,,Purebred,,12 - 16 years,,
Average $800 - $1200 USD,,Alapaha Blue Blood Bulldog,,No,,,,,,Medium ,, Best!,,, Best!,,,Purebred,,12 -15 years,,
Average $550 - $800 USD,,Alano Espanol,,No,, ,, , ,Large , , , ,, , , ,Purebred, ,11 -14 years,,
Average $600 - $750 USD,,Akbash Dog,,No,,,,,,Large dog breeds,,,,,,,,Purebred,,10 -12.5 years,,
Average $300,,Aidi,,-,,,,,,Guardian Dog ( UKC ),,,,,,,,Purebred,,10-11 years,,
Average $2800 - $5000 USD,,Argentine Dogo,,No,,,,,,Large ,, Best!,,, Best!,,,Purebred,,10 -18 years,,
,,Africanis,,-,,,,,,Medium ,,,,,,,,Purebred,,～16 - 30 kg,,
Average $600 - $800 USD,,American White Shepherd,,-,, ,, , ,Medium Dog Breeds, , , ,, , , ,Purebred, ,12 -14 years,,
Average $700 - $800 USD,,Appenzeller Sennenhund,,No,,,,,,Medium Dog Breeds,, Best!,,, Best!,,,Purebred,,12 -14 years,,
Average $300 - $600 USD,,Austrian Pinscher,,No,, ,, ,,Medium ,,, ,,, , ,Purebred, ,12 -14 years,,
Average $300 - $600 USD,,Austrian Black and Tan Hound,,No,, ,, ,,Medium ,,, ,,, , ,Purebred, ,12 -14 years,,
Average $500 - $600 USD,,Australian Bulldog,,No,,,,,,Medium Dog Breeds,, Best!,,, Best!,,,Purebred,,8 -10 years,,
 ,,Ariegeois,,-,, ,, , ,Medium , , , ,, , , ,Purebred, , ,,
Average $500 - $600 USD,,Australian Stumpy Tail Cattle Dog,,No,,,,,,Medium sized & Medium ,, Best!,,, Best!, Ranking: 10,,Cross Breed,,12 -14 years,,
Average $500 - $600 USD,,Australian Kelpie,,No,,,,,,Medium ,, Best!,,, Best!,,,Purebred,,10 -14 years,,
 ,,Ariege Pointer,,No,, ,, , ,Large , , , ,, , , ,Purebred, ,10 -18 years,,
 ,,American Staghound,,-,, ,, , ,Large Dog Breeds, , , ,, , , ,Purebred, ,12 -14 years,,
Average $500 - $700 USD,,American Pit Bull Terrier,,No,,,,,,Medium-sized ,, Best!,,, Best!,,,Purebred,,12 -14 years,,
Average $1000 - $1500 USD,,American Mastiff,,-,, ,, , ,Large Dog Breeds, , , ,, , , ,Purebred, ,10 -12 years,,
Average $300 - $500 USD,,American Hairless Terrier,,No,, ,, , ,Small Dog Breeds, , , ,, , , ,Purebred, ,10 -12 years,,
Average $1000 - $1500 USD,,Alaskan Klee Kai,,No,, ,, , ,Medium ,, Best!, ,, Best!, ,,Purebred, ,13 -14 years,,
 ,,Bavarian Mountain Hound,,No,, ,, , ,Medium , , , ,, , , ,Purebred, ,10 - 12 years,,
 ,,Basset Fauve de Bretagne,,-,, ,, , ,Small , , , ,, , , ,Purebred, ,11 -14 years,,
 ,,Basset Bleu de Gascogne,,No,, ,, ,,Small ,,, ,,, , ,Purebred, ,12 -13 years,,
Average $500 - $1000 USD,,Barbet,,Yes,, ,, , ,Medium , , , ,, , , ,Purebred, ,13 -15 years,,
 ,,Azawakh,,No,,,,,,Large ,, Best!,,, Best!,,,Purebred,,10 -12 years,,
 ,,Bohemian Shepherd,,No,, ,, , ,Large , , , ,, , , ,Purebred, , ,,
 ,,Blue Picardy Spaniel,,No,, ,, , ,Large & big , , , ,, , , ,Purebred, ,~ 10 years,,
 ,,Bouvier de Ardennes,,-,, ,, , ,Medium , , , ,, , , ,Purebred, , ,,
 ,,Blue Lacy,,-,, ,, , ,Medium ,, , ,, , , ,Cross Breed, , ,,
Average $5550 - $600 USD,,Black Norwegian Elkhound,,No,,,,,,Small , Very friendly!, Best!,,, Best!, Ranking: 36,,Purebred,,12 - 15  years,,
Average $300 - $350 USD,,Black Mouth Cur,,No,, ,, , ,Large , , , ,, , , ,Purebred, ,10 - 16 years,,
 ,,Cão da Serra de Aires,,No,, ,, , ,Medium , , , ,, , , ,Purebred, ,~ 11-13 years,,
 ,,Briquet Griffon Vendeen,,No,, ,, , ,Medium Dog Breeds, , , ,, , , ,Purebred, ,~ 12  years,,
 ,,Bulgarian Shepherd Dog,,No,, ,, , ,Large Dog Breeds, , , ,, , , ,Purebred, , ,,
 ,,Bukovina Sheepdog,,No,, ,, , ,Large Dog Breeds, , Best!, ,, Best!, , ,Purebred, , ,,
 ,,Brazilian Terrier,,-,, ,, , ,Small Dog Breeds, , , ,, , , ,Cross Breed, ,12 - 14  years,,
Average $1000 - $1200 USD,,Braque du Bourbonnais,,No,, ,, , ,Medium & medium-sized , , , ,, , , ,Purebred, , ,,
 ,,Bracco Italiano,,-,, ,, , ,Large & big , , , ,, , , ,Purebred, ,12 - 13  years,,
Average $2000 - $2500 USD,,Berger Picard,,No,, ,, , ,Medium-sized , , , ,, , , ,Purebred, ,12 -13 years,,
Average $500 - $800 USD,,Belgian Shepherd Laekenois,,No,,,,,,Medium-sized ,, Best!,,, Best!,,,Purebred,,12 -14 years,,
 ,,Catahoula Bulldog,,No,, ,, , ,Medium , , , ,, , , ,Cross Breed, , ,,
 ,,Carolina Dog,,No,, ,, , ,Medium dog breeds, , , ,, , , ,Purebred, ,12 - 15  years,,
 ,,Carpathian Sheepdog,,No,, ,, , ,Large dog breeds, , , ,, , , ,Purebred, ,12 - 14  years,,
Average $1500 - $2000 USD,,Caucasian Ovtcharka,,No,,,,,,Giant dog breeds,, Best!,,, Best!,,,Purebred,,10 - 11  years,,
 ,,Catalan Sheepdog,,No,, ,, , ,Medium , , , ,, , , ,Purebred, ,12 - 14 years,,
 ,,Caravan Hound,,No,, ,, , ,Large dog breeds, , , ,, , , ,Purebred, , ,,
Average $500 - $550 USD,,Catahoula Leopard Dog,,No,,,,,,Medium dog breeds,, Best!,,, Best!,,,Purebred,,10 - 14  years,,
Average $400 - $600 USD,,Czechoslovakian Wolfdog,,No,, ,, , ,Large dog breeds, , , ,, , , ,Cross Breed, ,12 - 15 years,,
Average $1000 - $1200 USD,,Canadian Eskimo Dog,,No,, ,, , ,Large dog breeds, , , ,, , , ,Purebred, ,12 - 13  years,,
Average $1000 - $1200 USD,,Croatian Sheepdog,,-,, ,, , ,Medium dog breeds, , , ,, , , ,Purebred, , ,,
 ,,Central Asian Ovtcharka,,-,, ,, , ,Large dog breeds, , , ,, , , ,Purebred, , ,,
 ,,Dunker,,No,, ,, , ,Medium-sized dog breeds, , , ,, , , ,Cross Breed, ,10 - 11 years,,
 ,,Drentse Patrijshond,,No,, ,, , ,Medium dog breeds, , , ,, , , ,Purebred, , ,,
 ,,Dingo,,No,, ,, , ,Medium dog breeds, , , ,, , , ,Purebred, ,15 - 20 years,,
 ,,Drever,,No,, ,, , ,Small dog breeds, , , ,, , , ,Purebred, ,11 - 13 years,,
 ,,Deutsche Bracke,,No,, ,, , ,Medium dog breeds, , , ,, , , ,Purebred, ,10 - 12 years,,
Average $900 - $1100 USD,,Cockapoo,,No,,,,,,Small dog breeds,,,,,,,,Cross Breed,,14 - 16 years,,
 ,,Danish-Swedish Farmdog,,No,, ,, , ,Medium dog breeds, , , ,, , , ,Purebred, ,11 - 14 years,,
 ,,Cesky Fousek,,-,, ,, , ,Medium dog breeds, , , ,, , , ,Purebred, , ,,
 ,,Chart Polski,,No,,,,,,Large dog breeds,, Best!,,, Best!,,,Purebred,,10 - 12  years,,
Average $1000 - $1500 USD,,Dutch Shepherd Dog,,No,, ,, , ,Large dog breeds, , , ,, , , ,Purebred, ,12 - 14 years,,
 ,,Dutch Smoushond,,No,, ,, , ,Small dog breeds, , , ,, , , ,Purebred, , ,,
 ,,East Siberian Laika,,No,, ,, , ,Medium dog breeds, , , ,, , , ,Purebred, ,12 - 15 years,,
 ,,East-European Shepherd,,No,, ,, , ,Large dog breeds, , , ,, , , ,Cross Breed, , ,,
Average $1000 - $1300 USD,,Fila Brasileiro,,No,,,,,,Large dog breeds,, Best!,,, Best!,,,Purebred,, ,,
 ,,Finnish Hound,,No,, ,, , ,Medium dog breeds, , , ,, , , ,Purebred, ,11-12 years,,
 ,,Eurasier,,No,,,,,,Medium dog breeds,, Best!,,, Best!,,,Cross Breed,,11 - 13 years,,
 ,,English Shepherd,,No,, ,, , ,Medium dog breeds, , , ,, , , ,Purebred, , ,,
 ,,Grand Basset Griffon Vendeen,,No,,,,,,Medium dog breeds,,,,,,,,Purebred,,12 - 14 years,,
 ,,Pont-Audemer Spaniel,,No,, ,, , ,Medium-sized , , , ,, , , ,Purebred, , ,,
 ,,Goldendoodle,,No,,,,,,Small dog breeds,,,,,,,,Cross Breed,,10 - 15 years,,
 ,,Polish Hunting Dog,,No,,,,,,Medium dog breeds,, Best!,,, Best!,,,Purebred,,10 - 13 years,,
 ,,Tamaskan Dog,,No,, ,, , ,Large , , , ,, , , ,Purebred, ,Average 14 to 15 years.,,
Average $600 - 800 USD,,German Longhaired Pointer,,No,, ,, , ,Large dog breeds, , , ,, , , ,Purebred, ,10 -11 years,,
Average $400 - 500 USD,,Jagdterrier,,No,, ,, , ,Small dog breeds, , , ,, , , ,Purebred, ,9 -10 years,,
 ,,Spanish Mastiff,,-,, ,, , ,Giant , , , ,, , , ,Purebred, , ,,
 ,,French Spaniel,,No,, ,, , ,Medium dog breeds, , , ,, , , ,Purebred, , ,,
 ,,Swedish Lapphund,,No,, Very friendly!,, Very friendly!,,Medium-sized , Very friendly!, Best!, Very friendly!,, Best!,,,Purebred,,Average 12 to 13 years,,
 ,,Serbian Hound,,-,, ,, , ,Medium-sized , , , ,, , , ,Purebred, ,Average 12 years.,,
 ,,Francais Blanc et Noir,,No,, ,, , ,Large dog breeds, , , ,, , , ,Purebred, , ,,
Average $800 - $1500 USD,,Toy Manchester Terrier,,No,, ,, , ,Small , , , ,, , , ,Purebred, ,Average 15 to 16 years,,
Average $600 - $800 USD,,Tosa,,No,,,,,,Large ,, Best!,,, Best!,,,Cross Breed,,Average 10 to 12 years,,
 ,,Tornjak,,-,, ,, , ,Large , , , ,, , , ,Purebred, , ,,
Average $600 - $800 USD,,Thai Ridgeback,,No,,,,,,Medium-sized ,,,,,,,,Purebred,,Average 12 to 13 years,,
 ,,Thai Bangkaew Dog,,-,, ,, , ,Medium-sized , , , ,, , , ,Purebred, , ,,
Average $300 - $400 USD,,Alopekis,,No,,"
	",,"
	","
	",Small ,"
	","
	","
	",,"
	","
	","
	",Purebred,"
	",12 - 18 years or more,,
Average $400 - $700 USD,,Alaskan Husky,,No,,"
	",,"
	","
	",Large sized ,"
	","
	","
	",,"
	","
	","
	",Purebred,"
	",16 - 19 years,,
 ,,Wetterhoun,,No,, ,, , ,Medium sized , , , ,, , , ,Purebred, , ,,
Average $150 - $300 USD,,Texas Heeler,,No,,"
	",,"
	","
	",Medium-sized ,"
	","
	","
	",,"
	","
	","
	",Cross Breed,"
	",13 - 15 years,,
 ,,Volpino Italiano,,No,, ,, , ,Samll , , , ,, , , ,Purebred, , ,,
 ,,West Siberian Laika,,No,, ,, , ,Large size , , , ,, , , ,Purebred, , ,,
 ,,Transylvanian Hound,,No,, ,, , ,Medium-sized , , , ,, , , ,Purebred, ,10 to 12 years,,
Average $250 - $450 USD,,Bull Arab,,No,,"
	",,"
	","
	",Large-sized ,"
	","
	","
	",,"
	","
	","
	",Purebred,"
	",13 - 15 years,,
Average $250 - $400 USD,,Mountain Feist,,No,,"
	",,"
	","
	",Small ,"
	","
	","
	",,"
	","
	","
	",Cross Breed,"
	",13 - 18 years,,
Average $1600 - $1900 USD,,Bolognese dog,,Yes,,"
	",,"
	","
	",Small ,"
	","
	","
	",,"
	","
	","
	",Purebred,"
	",12 - 15 years,,
Average $1200 - $1450 USD,,Beaglier,,No,,"
	",,"
	","
	",Small & Medium-sized ,"
	","
	","
	",,"
	","
	","
	",Cross Breed,"
	",11 - 14 years,,
Average $200 - $300 USD,,Beagle-Harrier,,No,,"
	",,"
	","
	",Medium-sized ,"
	","
	","
	",,"
	","
	","
	",Purebred,"
	",12 - 13 years,,
Average $300 - $400 USD,,Basset Artesien Normand,,No,,"
	",,"
	","
	",Small ,"
	","
	","
	",,"
	","
	","
	",Purebred,"
	",12 - 15 years,,
Average $60 - $110 USD,,Chippiparai,,No,,"
	",,"
	","
	",Medium-sized ,"
	","
	","
	",,"
	","
	","
	",Purebred,"
	",12 - 15 years,,
Average $300 - $500 USD,,Andalusian Hound,,No,,"
	",,"
	","
	","Small, Medium, Large ","
	","
	","
	",,"
	","
	","
	",Purebred,"
	",12 - 14 years,,
Average $500 - $600 USD,,Cotonese,,No,,,,,,Small ,,,,,,,,Cross Breed,,13 - 15 years,,
Average 80-100 USD,,Schnekingese,,-,,"
	",,"
	","
	",Small ,"
	","
	","
	",,"
	","
	","
	",Cross Breed,"
	",12 - 15 years,,
Average $600 - $800 USD,,Kyi-Leo,,No,, ,, , ,Small Dog Breeds, , , ,, , , ,Cross Breed, ,12 - 15 years,,
Average $300 - $400 USD,,Chizer,,-,,"
	",,"
	","
	",Small ,"
	","
	","
	",,"
	","
	","
	",Cross Breed,"
	",12 - 15 years,,
Average $1600 - $2600 USD,,King Shepherd,,No,, ,, , ,Giant , , , ,, , , ,Cross Breed, ,10 - 12 years,,
Average $700 - $900 USD,,American Bulldog,,No,,"
	",,"
	","
	",Large ,"
	","
	","
	",,"
	","
	","
	",Purebred,"
	",11 - 14 years,,
Average $500 - $700 USD,,Cairmal,,-,,,,,,Small dog breeds,,,,,,,,Cross Breed,,12 - 15 years,,
Average $300 - $400 USD,,Taco Terrier,,-,,,,,,Small ,,,,,,,,Cross Breed,,13 - 15 years,,
Average $800 - $1000 USD,,Dorkie,,-,, ,, , ,Small Dog Breeds, , , ,, , , ,Cross Breed, ,13 - 15 years,,
Average $800 - $1000 USD,,Brazilian Dogo,,-,, ,, , ,Large Dog Breeds, , , ,, , , ,Cross Breed, ,12 - 13 years,,
Average $200 - $300 USD,,Dorgi,,-,, ,, , ,Small Dog Breeds, , , ,, , , ,Cross Breed, ,12 - 14 years,,
Average $300 - $400 USD,,Doxie-Pin,,-,, ,, , ,Medium Dog Breeds, , , ,, , , ,Cross Breed, ,12 - 14 years,,
Average $300 - $400 USD,,Doxiemo,,-,, ,, , ,Medium Dog Breeds, , , ,, , , ,Cross Breed, ,12 - 14 years,,
Average $400 - $500 USD,,Doxie-Chon,,-,, ,, , ,Small Dog Breeds, , , ,, , , ,Cross Breed, ,12 - 15 years,,
Average $1800 - $2000 USD,,Double Doodle,,-,, ,, , ,Medium to Large Dog Breeds, , , ,, , , ,Cross Breed, ,12 - 15 years,,
Average $300 - $400 USD,,Chorkie,,-,, ,, , ,Small Dog Breeds, , , ,, , , ,Cross Breed, ,11 - 14 years,,
Average $500 - $700 USD,,Cockalier,,No,, ,, , ,Medium Dog Breeds, , , ,, , , ,Cross Breed, ,12 - 14 years,,
Average $800 - $1000 USD,,Miniature American Shepherd,,-,, ,, , ,Medium-sized Dog Breeds, , , ,, , , ,Purebred, ,12 - 15 years,,
Average $600 - $800 USD,,Majestic Tree Hound,,No,, ,, , ,Giant Dog Breeds, , , ,, , , ,Cross Breed, ,12 - 14 years,,
Average $800 - $1000 USD,,Longhaired Whippet,,-,, ,, , ,Medium-sized Dog Breeds, , , ,, , , ,Purebred, ,12 - 15 years,,
Average $350 - $500 USD,,Doxle,,-,,,,,,Small dog breeds,,,,,,,,Cross Breed,,12 - 14 years,,
Average $400 - $600 USD,,Doxiepoo,,-,,,,,,Medium dog breeds,,,,,,,,Cross Breed,,12 - 15 years,,
